,Link
0,https://www.airbnb.com
1,https://www.airbnb.com/luxury/listing/28312974
2,https://www.airbnb.com/luxury/listing/38472860
3,https://www.airbnb.com/luxury/listing/23808958
4,https://www.airbnb.com/luxury/listing/27782611
5,https://www.airbnb.com/luxury/listing/20470180
6,https://www.airbnb.com/luxury/listing/20470358
7,https://www.airbnb.com/luxury/listing/35828091
8,https://www.airbnb.com/luxury/listing/20472043
9,https://www.airbnb.com/luxury/listing/20472661
10,https://www.airbnb.com/luxury/listing/24230857
11,https://www.airbnb.com/luxury/listing/51499264
12,https://www.airbnb.com/luxury/listing/20473379
13,https://www.airbnb.com/luxury/listing/20731282
14,https://www.airbnb.com/luxury/listing/20731477
15,https://www.airbnb.com/luxury/listing/23808603
16,https://www.airbnb.com/luxury/listing/20471182
17,https://www.airbnb.com/luxury/listing/20472667
18,https://www.airbnb.com/luxury/listing/20475484
19,https://www.airbnb.com/luxury/listing/20470703
20,https://www.airbnb.com/luxury/listing/20475272
21,https://www.airbnb.com/luxury/listing/20475278
22,https://www.airbnb.com/luxury/listing/24230919
23,https://www.airbnb.com/luxury/listing/28519624
24,https://www.airbnb.com/luxury/listing/20472578
25,https://www.airbnb.com/luxury/listing/20475567
26,https://www.airbnb.com/luxury/listing/20471336
27,https://www.airbnb.com/luxury/listing/24231557
28,https://www.airbnb.com/luxury/listing/20470425
29,https://www.airbnb.com/luxury/listing/20471669
30,https://www.airbnb.com/luxury/listing/20520971
31,https://www.airbnb.com/luxury/listing/20472859
32,https://www.airbnb.com/luxury/listing/20204268
33,https://www.airbnb.com/luxury/listing/20520868
34,https://www.airbnb.com/luxury/listing/20471680
35,https://www.airbnb.com/luxury/listing/20472486
36,https://www.airbnb.com/luxury/listing/20521008
37,https://www.airbnb.com/luxury/listing/24232156
38,https://www.airbnb.com/luxury/listing/32666126
39,https://www.airbnb.com/luxury/listing/20472777
40,https://www.airbnb.com/luxury/listing/24231684
41,https://www.airbnb.com/luxury/listing/34738623
42,https://www.airbnb.com/luxury/listing/24231358
43,https://www.airbnb.com/luxury/listing/24230901
44,https://www.airbnb.com/luxury/listing/31437679
45,https://www.airbnb.com/luxury/listing/20471898
46,https://www.airbnb.com/luxury/listing/20472366
47,https://www.airbnb.com/luxury/listing/25566200
48,https://www.airbnb.com/luxury/listing/31563469
49,https://www.airbnb.com/luxury/listing/31670205
50,https://www.airbnb.com/luxury/listing/20731461
51,https://www.airbnb.com/luxury/listing/32363336
52,https://www.airbnb.com/luxury/listing/25870494
53,https://www.airbnb.com/luxury/listing/20204388
54,https://www.airbnb.com/luxury/listing/20475247
55,https://www.airbnb.com/luxury/listing/31311408
56,https://www.airbnb.com/luxury/listing/20471345
57,https://www.airbnb.com/luxury/listing/20472396
58,https://www.airbnb.com/luxury/listing/20475224
59,https://www.airbnb.com/luxury/listing/567285943989066648
60,https://www.airbnb.com/luxury/listing/20475666
61,https://www.airbnb.com/luxury/listing/24231761
62,https://www.airbnb.com/luxury/listing/20520852
63,https://www.airbnb.com/luxury/listing/20520869
64,https://www.airbnb.com/luxury/listing/30767258
65,https://www.airbnb.com/luxury/listing/24599608
66,https://www.airbnb.com/luxury/listing/20520967
67,https://www.airbnb.com/luxury/listing/24231565
68,https://www.airbnb.com/luxury/listing/20474870
69,https://www.airbnb.com/luxury/listing/20731168
70,https://www.airbnb.com/luxury/listing/25870089
71,https://www.airbnb.com/luxury/listing/20472573
72,https://www.airbnb.com/luxury/listing/20474852
73,https://www.airbnb.com/luxury/listing/26960100
74,https://www.airbnb.com/luxury/listing/20731126
75,https://www.airbnb.com/luxury/listing/20470899
76,https://www.airbnb.com/luxury/listing/30935835
77,https://www.airbnb.com/luxury/listing/20472814
78,https://www.airbnb.com/luxury/listing/26202503
79,https://www.airbnb.com/luxury/listing/20470790
80,https://www.airbnb.com/luxury/listing/20472795
81,https://www.airbnb.com/luxury/listing/20472123
82,https://www.airbnb.com/luxury/listing/20472574
83,https://www.airbnb.com/luxury/listing/20520953
84,https://www.airbnb.com/luxury/listing/20204361
85,https://www.airbnb.com/luxury/listing/20472278
86,https://www.airbnb.com/luxury/listing/24230917
87,https://www.airbnb.com/luxury/listing/31306468
88,https://www.airbnb.com/luxury/listing/20470181
89,https://www.airbnb.com/luxury/listing/20731778
90,https://www.airbnb.com/luxury/listing/27654513
91,https://www.airbnb.com/luxury/listing/20470701
92,https://www.airbnb.com/luxury/listing/20474658
93,https://www.airbnb.com/luxury/listing/20471755
94,https://www.airbnb.com/luxury/listing/28182789
95,https://www.airbnb.com/luxury/listing/20470455
96,https://www.airbnb.com/luxury/listing/20474981
97,https://www.airbnb.com/luxury/listing/20471681
98,https://www.airbnb.com/luxury/listing/20472170
99,https://www.airbnb.com/luxury/listing/20472225
100,https://www.airbnb.com/luxury/listing/20471897
101,https://www.airbnb.com/luxury/listing/20471844
102,https://www.airbnb.com/luxury/listing/24231561
103,https://www.airbnb.com/luxury/listing/20203939
104,https://www.airbnb.com/luxury/listing/20475393
105,https://www.airbnb.com/luxury/listing/24232137
106,https://www.airbnb.com/luxury/listing/32640688
107,https://www.airbnb.com/luxury/listing/20470343
108,https://www.airbnb.com/luxury/listing/20470570
109,https://www.airbnb.com/luxury/listing/20471836
110,https://www.airbnb.com/luxury/listing/24231778
111,https://www.airbnb.com/luxury/listing/30812863
112,https://www.airbnb.com/luxury/listing/20731530
113,https://www.airbnb.com/luxury/listing/29155008
114,https://www.airbnb.com/luxury/listing/20520753
115,https://www.airbnb.com/luxury/listing/20470209
116,https://www.airbnb.com/luxury/listing/20472820
117,https://www.airbnb.com/luxury/listing/20474935
118,https://www.airbnb.com/luxury/listing/24231994
119,https://www.airbnb.com/luxury/listing/35084929
120,https://www.airbnb.com/luxury/listing/20473398
121,https://www.airbnb.com/luxury/listing/20472095
122,https://www.airbnb.com/luxury/listing/20474518
123,https://www.airbnb.com/luxury/listing/24231053
124,https://www.airbnb.com/luxury/listing/30205306
125,https://www.airbnb.com/luxury/listing/20470211
126,https://www.airbnb.com/luxury/listing/31802630
127,https://www.airbnb.com/luxury/listing/20470450
128,https://www.airbnb.com/luxury/listing/20471030
129,https://www.airbnb.com/luxury/listing/20471309
130,https://www.airbnb.com/luxury/listing/28101757
131,https://www.airbnb.com/luxury/listing/24231728
132,https://www.airbnb.com/luxury/listing/35124553
133,https://www.airbnb.com/luxury/listing/26202293
134,https://www.airbnb.com/luxury/listing/20470626
135,https://www.airbnb.com/luxury/listing/20473367
136,https://www.airbnb.com/luxury/listing/38724231
137,https://www.airbnb.com/luxury/listing/20470616
138,https://www.airbnb.com/luxury/listing/20471597
139,https://www.airbnb.com/luxury/listing/20474523
140,https://www.airbnb.com/luxury/listing/20475670
141,https://www.airbnb.com/luxury/listing/38379038
142,https://www.airbnb.com/luxury/listing/20475530
143,https://www.airbnb.com/luxury/listing/20520983
144,https://www.airbnb.com/luxury/listing/20475175
145,https://www.airbnb.com/luxury/listing/29054129
146,https://www.airbnb.com/luxury/listing/20471857
147,https://www.airbnb.com/luxury/listing/20473078
148,https://www.airbnb.com/luxury/listing/20473346
149,https://www.airbnb.com/luxury/listing/24243072
150,https://www.airbnb.com/luxury/listing/29588726
151,https://www.airbnb.com/luxury/listing/20731089
152,https://www.airbnb.com/luxury/listing/20472576
153,https://www.airbnb.com/luxury/listing/20520974
154,https://www.airbnb.com/luxury/listing/27395846
155,https://www.airbnb.com/luxury/listing/20472262
156,https://www.airbnb.com/luxury/listing/20471081
157,https://www.airbnb.com/luxury/listing/20473385
158,https://www.airbnb.com/luxury/listing/24232185
159,https://www.airbnb.com/luxury/listing/20470192
160,https://www.airbnb.com/luxury/listing/20472785
161,https://www.airbnb.com/luxury/listing/23809001
162,https://www.airbnb.com/luxury/listing/24231255
163,https://www.airbnb.com/luxury/listing/30763610
164,https://www.airbnb.com/luxury/listing/20470653
165,https://www.airbnb.com/luxury/listing/20731199
166,https://www.airbnb.com/luxury/listing/20472612
167,https://www.airbnb.com/luxury/listing/20475877
168,https://www.airbnb.com/luxury/listing/24231234
169,https://www.airbnb.com/luxury/listing/29509716
170,https://www.airbnb.com/luxury/listing/20204353
171,https://www.airbnb.com/luxury/listing/20472908
172,https://www.airbnb.com/luxury/listing/20470189
173,https://www.airbnb.com/luxury/listing/20471636
174,https://www.airbnb.com/luxury/listing/20473427
175,https://www.airbnb.com/luxury/listing/31738833
176,https://www.airbnb.com/luxury/listing/20521002
177,https://www.airbnb.com/luxury/listing/26202440
178,https://www.airbnb.com/luxury/listing/20470278
179,https://www.airbnb.com/luxury/listing/20474889
180,https://www.airbnb.com/luxury/listing/23808953
181,https://www.airbnb.com/luxury/listing/27606416
182,https://www.airbnb.com/luxury/listing/20204271
183,https://www.airbnb.com/luxury/listing/26202320
184,https://www.airbnb.com/luxury/listing/23808566
185,https://www.airbnb.com/luxury/listing/31434478
186,https://www.airbnb.com/luxury/listing/52890833
187,https://www.airbnb.com/luxury/listing/20471160
188,https://www.airbnb.com/luxury/listing/20475623
189,https://www.airbnb.com/luxury/listing/20520988
190,https://www.airbnb.com/luxury/listing/24231081
191,https://www.airbnb.com/luxury/listing/20471523
192,https://www.airbnb.com/luxury/listing/20470279
193,https://www.airbnb.com/luxury/listing/20472108
194,https://www.airbnb.com/luxury/listing/24221411
195,https://www.airbnb.com/luxury/listing/24231298
196,https://www.airbnb.com/luxury/listing/20470647
197,https://www.airbnb.com/luxury/listing/20471894
198,https://www.airbnb.com/luxury/listing/20731758
199,https://www.airbnb.com/luxury/listing/20470872
200,https://www.airbnb.com/luxury/listing/20473316
201,https://www.airbnb.com/luxury/listing/25870636
202,https://www.airbnb.com/luxury/listing/25870053
203,https://www.airbnb.com/luxury/listing/20470500
204,https://www.airbnb.com/luxury/listing/20471469
205,https://www.airbnb.com/luxury/listing/20473522
206,https://www.airbnb.com/luxury/listing/20475644
207,https://www.airbnb.com/luxury/listing/24231253
208,https://www.airbnb.com/luxury/listing/29706923
209,https://www.airbnb.com/luxury/listing/30340609
210,https://www.airbnb.com/luxury/listing/20473154
211,https://www.airbnb.com/luxury/listing/24231595
212,https://www.airbnb.com/luxury/listing/20731093
213,https://www.airbnb.com/luxury/listing/20472826
214,https://www.airbnb.com/luxury/listing/20475561
215,https://www.airbnb.com/luxury/listing/23808948
216,https://www.airbnb.com/luxury/listing/31585956
217,https://www.airbnb.com/luxury/listing/34081010
218,https://www.airbnb.com/luxury/listing/20731465
219,https://www.airbnb.com/luxury/listing/30202550
220,https://www.airbnb.com/luxury/listing/20470973
221,https://www.airbnb.com/luxury/listing/20472093
222,https://www.airbnb.com/luxury/listing/20472323
223,https://www.airbnb.com/luxury/listing/27080320
224,https://www.airbnb.com/luxury/listing/31374891
225,https://www.airbnb.com/luxury/listing/20204274
226,https://www.airbnb.com/luxury/listing/20475554
227,https://www.airbnb.com/luxury/listing/20475884
228,https://www.airbnb.com/luxury/listing/20472412
229,https://www.airbnb.com/luxury/listing/24230934
230,https://www.airbnb.com/luxury/listing/20470494
231,https://www.airbnb.com/luxury/listing/20475327
232,https://www.airbnb.com/luxury/listing/20470921
233,https://www.airbnb.com/luxury/listing/20471031
234,https://www.airbnb.com/luxury/listing/20472447
235,https://www.airbnb.com/luxury/listing/20474633
236,https://www.airbnb.com/luxury/listing/35932882
237,https://www.airbnb.com/luxury/listing/20472207
238,https://www.airbnb.com/luxury/listing/28865018
239,https://www.airbnb.com/luxury/listing/30418685
240,https://www.airbnb.com/luxury/listing/20472030
241,https://www.airbnb.com/luxury/listing/34195877
242,https://www.airbnb.com/luxury/listing/20475570
243,https://www.airbnb.com/luxury/listing/28779673
244,https://www.airbnb.com/luxury/listing/20475160
245,https://www.airbnb.com/luxury/listing/24232001
246,https://www.airbnb.com/luxury/listing/20472209
247,https://www.airbnb.com/luxury/listing/20475467
248,https://www.airbnb.com/luxury/listing/20520727
249,https://www.airbnb.com/luxury/listing/26202450
250,https://www.airbnb.com/luxury/listing/20731086
251,https://www.airbnb.com/luxury/listing/23808612
252,https://www.airbnb.com/luxury/listing/24369558
253,https://www.airbnb.com/luxury/listing/20471046
254,https://www.airbnb.com/luxury/listing/20474898
255,https://www.airbnb.com/luxury/listing/24595849
256,https://www.airbnb.com/luxury/listing/20472411
257,https://www.airbnb.com/luxury/listing/20474766
258,https://www.airbnb.com/luxury/listing/37958853
259,https://www.airbnb.com/luxury/listing/20475470
260,https://www.airbnb.com/luxury/listing/20520889
261,https://www.airbnb.com/luxury/listing/20470605
262,https://www.airbnb.com/luxury/listing/24231970
263,https://www.airbnb.com/luxury/listing/20474625
264,https://www.airbnb.com/luxury/listing/20731357
265,https://www.airbnb.com/luxury/listing/32896155
266,https://www.airbnb.com/luxury/listing/20475918
267,https://www.airbnb.com/luxury/listing/29006421
268,https://www.airbnb.com/luxury/listing/20471447
269,https://www.airbnb.com/luxury/listing/20471693
270,https://www.airbnb.com/luxury/listing/20520781
271,https://www.airbnb.com/luxury/listing/29924376
272,https://www.airbnb.com/luxury/listing/20473437
273,https://www.airbnb.com/luxury/listing/30852337
274,https://www.airbnb.com/luxury/listing/35372812
275,https://www.airbnb.com/luxury/listing/32015961
276,https://www.airbnb.com/luxury/listing/32381818
277,https://www.airbnb.com/luxury/listing/20472012
278,https://www.airbnb.com/luxury/listing/20472723
279,https://www.airbnb.com/luxury/listing/20521063
280,https://www.airbnb.com/luxury/listing/20472744
281,https://www.airbnb.com/luxury/listing/20472598
282,https://www.airbnb.com/luxury/listing/20475306
283,https://www.airbnb.com/luxury/listing/20470183
284,https://www.airbnb.com/luxury/listing/20472094
285,https://www.airbnb.com/luxury/listing/20472135
286,https://www.airbnb.com/luxury/listing/24231712
287,https://www.airbnb.com/luxury/listing/36397620
288,https://www.airbnb.com/luxury/listing/20472648
289,https://www.airbnb.com/luxury/listing/20472784
290,https://www.airbnb.com/luxury/listing/20475296
291,https://www.airbnb.com/luxury/listing/20731753
292,https://www.airbnb.com/luxury/listing/28487325
293,https://www.airbnb.com/luxury/listing/20472514
294,https://www.airbnb.com/luxury/listing/31640702
295,https://www.airbnb.com/luxury/listing/20470198
296,https://www.airbnb.com/luxury/listing/20470199
297,https://www.airbnb.com/luxury/listing/32066579
298,https://www.airbnb.com/luxury/listing/20472865
299,https://www.airbnb.com/luxury/listing/20473245
300,https://www.airbnb.com/luxury/listing/20731319
301,https://www.airbnb.com/luxury/listing/23808642
302,https://www.airbnb.com/luxury/listing/20470959
303,https://www.airbnb.com/luxury/listing/20471694
304,https://www.airbnb.com/luxury/listing/20731136
305,https://www.airbnb.com/luxury/listing/20475663
306,https://www.airbnb.com/luxury/listing/20473338
307,https://www.airbnb.com/luxury/listing/20473450
308,https://www.airbnb.com/luxury/listing/32639608
309,https://www.airbnb.com/luxury/listing/20204369
310,https://www.airbnb.com/luxury/listing/20471094
311,https://www.airbnb.com/luxury/listing/20472318
312,https://www.airbnb.com/luxury/listing/20472912
313,https://www.airbnb.com/luxury/listing/27602962
314,https://www.airbnb.com/luxury/listing/20471307
315,https://www.airbnb.com/luxury/listing/20472567
316,https://www.airbnb.com/luxury/listing/33163327
317,https://www.airbnb.com/luxury/listing/20475367
318,https://www.airbnb.com/luxury/listing/20470645
319,https://www.airbnb.com/luxury/listing/20472461
320,https://www.airbnb.com/luxury/listing/20470191
321,https://www.airbnb.com/luxury/listing/20475662
322,https://www.airbnb.com/luxury/listing/30812864
323,https://www.airbnb.com/luxury/listing/20731426
324,https://www.airbnb.com/luxury/listing/20473145
325,https://www.airbnb.com/luxury/listing/20475341
326,https://www.airbnb.com/luxury/listing/28857637
327,https://www.airbnb.com/luxury/listing/20471895
328,https://www.airbnb.com/luxury/listing/20475092
329,https://www.airbnb.com/luxury/listing/24230960
330,https://www.airbnb.com/luxury/listing/20471349
331,https://www.airbnb.com/luxury/listing/24231685
332,https://www.airbnb.com/luxury/listing/20731082
333,https://www.airbnb.com/luxury/listing/20472198
334,https://www.airbnb.com/luxury/listing/20473021
335,https://www.airbnb.com/luxury/listing/20474669
336,https://www.airbnb.com/luxury/listing/20471756
337,https://www.airbnb.com/luxury/listing/20473203
338,https://www.airbnb.com/luxury/listing/32190515
339,https://www.airbnb.com/luxury/listing/20470534
340,https://www.airbnb.com/luxury/listing/20472791
341,https://www.airbnb.com/luxury/listing/26202159
342,https://www.airbnb.com/luxury/listing/32639059
343,https://www.airbnb.com/luxury/listing/20471459
344,https://www.airbnb.com/luxury/listing/24231765
345,https://www.airbnb.com/luxury/listing/20472566
346,https://www.airbnb.com/luxury/listing/20472868
347,https://www.airbnb.com/luxury/listing/20473085
348,https://www.airbnb.com/luxury/listing/20731826
349,https://www.airbnb.com/luxury/listing/20521016
350,https://www.airbnb.com/luxury/listing/24230823
351,https://www.airbnb.com/luxury/listing/20472018
352,https://www.airbnb.com/luxury/listing/20472607
353,https://www.airbnb.com/luxury/listing/20475410
354,https://www.airbnb.com/luxury/listing/20731036
355,https://www.airbnb.com/luxury/listing/20731314
356,https://www.airbnb.com/luxury/listing/27227392
357,https://www.airbnb.com/luxury/listing/32381348
358,https://www.airbnb.com/luxury/listing/24230999
359,https://www.airbnb.com/luxury/listing/20471461
360,https://www.airbnb.com/luxury/listing/24231953
361,https://www.airbnb.com/luxury/listing/20520976
362,https://www.airbnb.com/luxury/listing/20731356
363,https://www.airbnb.com/luxury/listing/20731718
364,https://www.airbnb.com/luxury/listing/24231015
365,https://www.airbnb.com/luxury/listing/26202106
366,https://www.airbnb.com/luxury/listing/20471435
367,https://www.airbnb.com/luxury/listing/20471712
368,https://www.airbnb.com/luxury/listing/20472595
369,https://www.airbnb.com/luxury/listing/20474735
370,https://www.airbnb.com/luxury/listing/20470736
371,https://www.airbnb.com/luxury/listing/20472636
372,https://www.airbnb.com/luxury/listing/20475665
373,https://www.airbnb.com/luxury/listing/20475245
374,https://www.airbnb.com/luxury/listing/24231766
375,https://www.airbnb.com/luxury/listing/20470791
376,https://www.airbnb.com/luxury/listing/29389161
377,https://www.airbnb.com/luxury/listing/20470355
378,https://www.airbnb.com/luxury/listing/20472088
379,https://www.airbnb.com/luxury/listing/20472737
380,https://www.airbnb.com/luxury/listing/28182787
381,https://www.airbnb.com/luxury/listing/20471778
382,https://www.airbnb.com/luxury/listing/20472358
383,https://www.airbnb.com/luxury/listing/20731744
384,https://www.airbnb.com/luxury/listing/31802631
385,https://www.airbnb.com/luxury/listing/20474881
386,https://www.airbnb.com/luxury/listing/20475577
387,https://www.airbnb.com/luxury/listing/20203938
388,https://www.airbnb.com/luxury/listing/578072673038532316
389,https://www.airbnb.com/luxury/listing/23808997
390,https://www.airbnb.com/luxury/listing/30507463
391,https://www.airbnb.com/luxury/listing/20470543
392,https://www.airbnb.com/luxury/listing/20470721
393,https://www.airbnb.com/luxury/listing/20731539
394,https://www.airbnb.com/luxury/listing/20475578
395,https://www.airbnb.com/luxury/listing/26152246
396,https://www.airbnb.com/luxury/listing/20471736
397,https://www.airbnb.com/luxury/listing/20472677
398,https://www.airbnb.com/luxury/listing/20475111
399,https://www.airbnb.com/luxury/listing/20474739
400,https://www.airbnb.com/luxury/listing/20471852
401,https://www.airbnb.com/luxury/listing/20475370
402,https://www.airbnb.com/luxury/listing/20471410
403,https://www.airbnb.com/luxury/listing/20472243
404,https://www.airbnb.com/luxury/listing/20474577
405,https://www.airbnb.com/luxury/listing/26202231
406,https://www.airbnb.com/luxury/listing/26393139
407,https://www.airbnb.com/luxury/listing/20472628
408,https://www.airbnb.com/luxury/listing/20475137
409,https://www.airbnb.com/luxury/listing/20472572
410,https://www.airbnb.com/luxury/listing/23808596
411,https://www.airbnb.com/luxury/listing/20474593
412,https://www.airbnb.com/luxury/listing/20475351
413,https://www.airbnb.com/luxury/listing/20521010
414,https://www.airbnb.com/luxury/listing/20470786
415,https://www.airbnb.com/luxury/listing/20471784
416,https://www.airbnb.com/luxury/listing/29389155
417,https://www.airbnb.com/luxury/listing/29510482
418,https://www.airbnb.com/luxury/listing/20476043
419,https://www.airbnb.com/luxury/listing/31488542
420,https://www.airbnb.com/luxury/listing/20471813
421,https://www.airbnb.com/luxury/listing/20475211
422,https://www.airbnb.com/luxury/listing/24231172
423,https://www.airbnb.com/luxury/listing/26202300
424,https://www.airbnb.com/luxury/listing/20093856
425,https://www.airbnb.com/luxury/listing/27958820
426,https://www.airbnb.com/luxury/listing/20471216
427,https://www.airbnb.com/luxury/listing/20471304
428,https://www.airbnb.com/luxury/listing/20472916
429,https://www.airbnb.com/luxury/listing/20473033
430,https://www.airbnb.com/luxury/listing/24230877
431,https://www.airbnb.com/luxury/listing/20731214
432,https://www.airbnb.com/luxury/listing/33039996
433,https://www.airbnb.com/luxury/listing/25871026
434,https://www.airbnb.com/luxury/listing/20473445
435,https://www.airbnb.com/luxury/listing/24230914
436,https://www.airbnb.com/luxury/listing/20731622
437,https://www.airbnb.com/luxury/listing/20475328
438,https://www.airbnb.com/luxury/listing/20472149
439,https://www.airbnb.com/luxury/listing/20474672
440,https://www.airbnb.com/luxury/listing/23808532
441,https://www.airbnb.com/luxury/listing/20475508
442,https://www.airbnb.com/luxury/listing/20521084
443,https://www.airbnb.com/luxury/listing/26130076
444,https://www.airbnb.com/luxury/listing/20472298
445,https://www.airbnb.com/luxury/listing/20471070
446,https://www.airbnb.com/luxury/listing/20472984
447,https://www.airbnb.com/luxury/listing/24231122
448,https://www.airbnb.com/luxury/listing/24231131
449,https://www.airbnb.com/luxury/listing/20474740
450,https://www.airbnb.com/luxury/listing/26202562
451,https://www.airbnb.com/luxury/listing/31648003
452,https://www.airbnb.com/luxury/listing/20471685
453,https://www.airbnb.com/luxury/listing/24231008
454,https://www.airbnb.com/luxury/listing/20472049
455,https://www.airbnb.com/luxury/listing/20475334
456,https://www.airbnb.com/luxury/listing/32017216
457,https://www.airbnb.com/luxury/listing/20472413
458,https://www.airbnb.com/luxury/listing/20474750
459,https://www.airbnb.com/luxury/listing/24232187
460,https://www.airbnb.com/luxury/listing/20471642
461,https://www.airbnb.com/luxury/listing/20474976
462,https://www.airbnb.com/luxury/listing/20471941
463,https://www.airbnb.com/luxury/listing/20521101
464,https://www.airbnb.com/luxury/listing/23808557
465,https://www.airbnb.com/luxury/listing/604292986841524265
466,https://www.airbnb.com/luxury/listing/20472357
467,https://www.airbnb.com/luxury/listing/20520792
468,https://www.airbnb.com/luxury/listing/24231077
469,https://www.airbnb.com/luxury/listing/29759617
470,https://www.airbnb.com/luxury/listing/20476002
471,https://www.airbnb.com/luxury/listing/23808583
472,https://www.airbnb.com/luxury/listing/23808988
473,https://www.airbnb.com/luxury/listing/20470336
474,https://www.airbnb.com/luxury/listing/20471414
475,https://www.airbnb.com/luxury/listing/31647523
476,https://www.airbnb.com/luxury/listing/20474668
477,https://www.airbnb.com/luxury/listing/20472852
478,https://www.airbnb.com/luxury/listing/20472920
479,https://www.airbnb.com/luxury/listing/20522272
480,https://www.airbnb.com/luxury/listing/20472623
481,https://www.airbnb.com/luxury/listing/39056796
482,https://www.airbnb.com/luxury/listing/20731244
483,https://www.airbnb.com/luxury/listing/29899371
484,https://www.airbnb.com/luxury/listing/33035215
485,https://www.airbnb.com/luxury/listing/20475511
486,https://www.airbnb.com/luxury/listing/20470422
487,https://www.airbnb.com/luxury/listing/20475412
488,https://www.airbnb.com/luxury/listing/30507486
489,https://www.airbnb.com/luxury/listing/31378793
490,https://www.airbnb.com/luxury/listing/24231673
491,https://www.airbnb.com/luxury/listing/20471016
492,https://www.airbnb.com/luxury/listing/20470649
493,https://www.airbnb.com/luxury/listing/20472076
494,https://www.airbnb.com/luxury/listing/20474660
495,https://www.airbnb.com/luxury/listing/32333767
496,https://www.airbnb.com/luxury/listing/24447328
497,https://www.airbnb.com/luxury/listing/30226907
498,https://www.airbnb.com/luxury/listing/20471584
499,https://www.airbnb.com/luxury/listing/20731516
500,https://www.airbnb.com/luxury/listing/20471146
501,https://www.airbnb.com/luxury/listing/20475494
502,https://www.airbnb.com/luxury/listing/20471666
503,https://www.airbnb.com/luxury/listing/20476051
504,https://www.airbnb.com/luxury/listing/20471361
505,https://www.airbnb.com/luxury/listing/20475279
506,https://www.airbnb.com/luxury/listing/20731125
507,https://www.airbnb.com/luxury/listing/36752028
508,https://www.airbnb.com/luxury/listing/20475476
509,https://www.airbnb.com/luxury/listing/20471379
510,https://www.airbnb.com/luxury/listing/20471724
511,https://www.airbnb.com/luxury/listing/30562274
512,https://www.airbnb.com/luxury/listing/20475697
513,https://www.airbnb.com/luxury/listing/29535298
514,https://www.airbnb.com/luxury/listing/20472885
515,https://www.airbnb.com/luxury/listing/20731119
516,https://www.airbnb.com/luxury/listing/24231462
517,https://www.airbnb.com/luxury/listing/28804128
518,https://www.airbnb.com/luxury/listing/20731368
519,https://www.airbnb.com/luxury/listing/24232023
520,https://www.airbnb.com/luxury/listing/20472010
521,https://www.airbnb.com/luxury/listing/20472287
522,https://www.airbnb.com/luxury/listing/30533387
523,https://www.airbnb.com/luxury/listing/32869358
524,https://www.airbnb.com/luxury/listing/24371779
525,https://www.airbnb.com/luxury/listing/23808537
526,https://www.airbnb.com/luxury/listing/24231241
527,https://www.airbnb.com/luxury/listing/24231281
528,https://www.airbnb.com/luxury/listing/28984760
529,https://www.airbnb.com/luxury/listing/20204319
530,https://www.airbnb.com/luxury/listing/20475439
531,https://www.airbnb.com/luxury/listing/26202363
532,https://www.airbnb.com/luxury/listing/20731671
533,https://www.airbnb.com/luxury/listing/23808551
534,https://www.airbnb.com/luxury/listing/34361724
535,https://www.airbnb.com/luxury/listing/20471596
536,https://www.airbnb.com/luxury/listing/20472038
537,https://www.airbnb.com/luxury/listing/20472911
538,https://www.airbnb.com/luxury/listing/20731337
539,https://www.airbnb.com/luxury/listing/20471588
540,https://www.airbnb.com/luxury/listing/20471075
541,https://www.airbnb.com/luxury/listing/20475174
542,https://www.airbnb.com/luxury/listing/20475280
543,https://www.airbnb.com/luxury/listing/24232047
544,https://www.airbnb.com/luxury/listing/20470705
545,https://www.airbnb.com/luxury/listing/20470900
546,https://www.airbnb.com/luxury/listing/20471262
547,https://www.airbnb.com/luxury/listing/20472793
548,https://www.airbnb.com/luxury/listing/20470669
549,https://www.airbnb.com/luxury/listing/20471505
550,https://www.airbnb.com/luxury/listing/20731233
551,https://www.airbnb.com/luxury/listing/26450598
552,https://www.airbnb.com/luxury/listing/20471538
553,https://www.airbnb.com/luxury/listing/20472499
554,https://www.airbnb.com/luxury/listing/20473072
555,https://www.airbnb.com/luxury/listing/20475381
556,https://www.airbnb.com/luxury/listing/20472769
557,https://www.airbnb.com/luxury/listing/20474621
558,https://www.airbnb.com/luxury/listing/20475493
559,https://www.airbnb.com/luxury/listing/20520842
560,https://www.airbnb.com/luxury/listing/20731231
561,https://www.airbnb.com/luxury/listing/20475274
562,https://www.airbnb.com/luxury/listing/35574491
563,https://www.airbnb.com/luxury/listing/20471107
564,https://www.airbnb.com/luxury/listing/20472057
565,https://www.airbnb.com/luxury/listing/20472761
566,https://www.airbnb.com/luxury/listing/20473212
567,https://www.airbnb.com/luxury/listing/20472266
568,https://www.airbnb.com/luxury/listing/20473371
569,https://www.airbnb.com/luxury/listing/20635627
570,https://www.airbnb.com/luxury/listing/557916469649518069
571,https://www.airbnb.com/luxury/listing/20470776
572,https://www.airbnb.com/luxury/listing/20472165
573,https://www.airbnb.com/luxury/listing/24231581
574,https://www.airbnb.com/luxury/listing/25871513
575,https://www.airbnb.com/luxury/listing/30507457
576,https://www.airbnb.com/luxury/listing/20475396
577,https://www.airbnb.com/luxury/listing/24231130
578,https://www.airbnb.com/luxury/listing/24231416
579,https://www.airbnb.com/luxury/listing/20471670
580,https://www.airbnb.com/luxury/listing/24231359
581,https://www.airbnb.com/luxury/listing/20474915
582,https://www.airbnb.com/luxury/listing/20204337
583,https://www.airbnb.com/luxury/listing/20472824
584,https://www.airbnb.com/luxury/listing/20475441
585,https://www.airbnb.com/luxury/listing/20470179
586,https://www.airbnb.com/luxury/listing/20471440
587,https://www.airbnb.com/luxury/listing/20470568
588,https://www.airbnb.com/luxury/listing/20204352
589,https://www.airbnb.com/luxury/listing/20471251
590,https://www.airbnb.com/luxury/listing/20474841
591,https://www.airbnb.com/luxury/listing/20731592
592,https://www.airbnb.com/luxury/listing/20204246
593,https://www.airbnb.com/luxury/listing/20731127
594,https://www.airbnb.com/luxury/listing/51842053
595,https://www.airbnb.com/luxury/listing/20731382
596,https://www.airbnb.com/luxury/listing/29646897
597,https://www.airbnb.com/luxury/listing/35862616
598,https://www.airbnb.com/luxury/listing/20473010
599,https://www.airbnb.com/luxury/listing/26202339
600,https://www.airbnb.com/luxury/listing/26202370
601,https://www.airbnb.com/luxury/listing/30786689
602,https://www.airbnb.com/luxury/listing/30983839
603,https://www.airbnb.com/luxury/listing/36354524
604,https://www.airbnb.com/luxury/listing/20115041
605,https://www.airbnb.com/luxury/listing/20471392
606,https://www.airbnb.com/luxury/listing/20472533
607,https://www.airbnb.com/luxury/listing/29675229
608,https://www.airbnb.com/luxury/listing/30540421
609,https://www.airbnb.com/luxury/listing/20470712
610,https://www.airbnb.com/luxury/listing/20470741
611,https://www.airbnb.com/luxury/listing/20475643
612,https://www.airbnb.com/luxury/listing/20520809
613,https://www.airbnb.com/luxury/listing/30587801
614,https://www.airbnb.com/luxury/listing/20472078
615,https://www.airbnb.com/luxury/listing/20474600
616,https://www.airbnb.com/luxury/listing/20521305
617,https://www.airbnb.com/luxury/listing/28859052
618,https://www.airbnb.com/luxury/listing/20731222
619,https://www.airbnb.com/luxury/listing/20731515
620,https://www.airbnb.com/luxury/listing/26958455
621,https://www.airbnb.com/luxury/listing/30983087
622,https://www.airbnb.com/luxury/listing/53585119
623,https://www.airbnb.com/luxury/listing/20475507
624,https://www.airbnb.com/luxury/listing/20520981
625,https://www.airbnb.com/luxury/listing/25871595
626,https://www.airbnb.com/luxury/listing/32066582
627,https://www.airbnb.com/luxury/listing/20475143
628,https://www.airbnb.com/luxury/listing/20521057
629,https://www.airbnb.com/luxury/listing/20470768
630,https://www.airbnb.com/luxury/listing/20473162
631,https://www.airbnb.com/luxury/listing/548990215318984776
632,https://www.airbnb.com/luxury/listing/20475428
633,https://www.airbnb.com/luxury/listing/29655090
634,https://www.airbnb.com/luxury/listing/29753814
635,https://www.airbnb.com/luxury/listing/35376374
636,https://www.airbnb.com/luxury/listing/20473473
637,https://www.airbnb.com/luxury/listing/20473045
638,https://www.airbnb.com/luxury/listing/20475293
639,https://www.airbnb.com/luxury/listing/24231064
640,https://www.airbnb.com/luxury/listing/32691545
641,https://www.airbnb.com/luxury/listing/20472804
642,https://www.airbnb.com/luxury/listing/20473110
643,https://www.airbnb.com/luxury/listing/24231790
644,https://www.airbnb.com/luxury/listing/24230958
645,https://www.airbnb.com/luxury/listing/32384157
646,https://www.airbnb.com/luxury/listing/20731636
647,https://www.airbnb.com/luxury/listing/26202304
648,https://www.airbnb.com/luxury/listing/20473056
649,https://www.airbnb.com/luxury/listing/20473339
650,https://www.airbnb.com/luxury/listing/24231932
651,https://www.airbnb.com/luxury/listing/26202342
652,https://www.airbnb.com/luxury/listing/29389181
653,https://www.airbnb.com/luxury/listing/20472342
654,https://www.airbnb.com/luxury/listing/20472746
655,https://www.airbnb.com/luxury/listing/20475004
656,https://www.airbnb.com/luxury/listing/26202455
657,https://www.airbnb.com/luxury/listing/20470722
658,https://www.airbnb.com/luxury/listing/20475446
659,https://www.airbnb.com/luxury/listing/26151853
660,https://www.airbnb.com/luxury/listing/20470155
661,https://www.airbnb.com/luxury/listing/20475639
662,https://www.airbnb.com/luxury/listing/20470248
663,https://www.airbnb.com/luxury/listing/20473137
664,https://www.airbnb.com/luxury/listing/20475268
665,https://www.airbnb.com/luxury/listing/20521014
666,https://www.airbnb.com/luxury/listing/52533361
667,https://www.airbnb.com/luxury/listing/20472131
668,https://www.airbnb.com/luxury/listing/24232146
669,https://www.airbnb.com/luxury/listing/20470951
670,https://www.airbnb.com/luxury/listing/20473196
671,https://www.airbnb.com/luxury/listing/20475474
672,https://www.airbnb.com/luxury/listing/20731617
673,https://www.airbnb.com/luxury/listing/20858407
674,https://www.airbnb.com/luxury/listing/30150672
675,https://www.airbnb.com/luxury/listing/20475527
676,https://www.airbnb.com/luxury/listing/54139502
677,https://www.airbnb.com/luxury/listing/20472247
678,https://www.airbnb.com/luxury/listing/20520978
679,https://www.airbnb.com/luxury/listing/24231829
680,https://www.airbnb.com/luxury/listing/27085837
681,https://www.airbnb.com/luxury/listing/20470782
682,https://www.airbnb.com/luxury/listing/20731358
683,https://www.airbnb.com/luxury/listing/30207302
684,https://www.airbnb.com/luxury/listing/20472166
685,https://www.airbnb.com/luxury/listing/20475105
686,https://www.airbnb.com/luxury/listing/20472869
687,https://www.airbnb.com/luxury/listing/30929386
688,https://www.airbnb.com/luxury/listing/24231340
689,https://www.airbnb.com/luxury/listing/25136904
690,https://www.airbnb.com/luxury/listing/20521086
691,https://www.airbnb.com/luxury/listing/30534217
692,https://www.airbnb.com/luxury/listing/20471096
693,https://www.airbnb.com/luxury/listing/20471803
694,https://www.airbnb.com/luxury/listing/20473116
695,https://www.airbnb.com/luxury/listing/24231680
696,https://www.airbnb.com/luxury/listing/28539987
697,https://www.airbnb.com/luxury/listing/20471217
698,https://www.airbnb.com/luxury/listing/20475044
699,https://www.airbnb.com/luxury/listing/35253825
700,https://www.airbnb.com/luxury/listing/20471630
701,https://www.airbnb.com/luxury/listing/20474773
702,https://www.airbnb.com/luxury/listing/20731010
703,https://www.airbnb.com/luxury/listing/20472622
704,https://www.airbnb.com/luxury/listing/20474567
705,https://www.airbnb.com/luxury/listing/26202362
706,https://www.airbnb.com/luxury/listing/20472446
707,https://www.airbnb.com/luxury/listing/24231365
708,https://www.airbnb.com/luxury/listing/24232029
709,https://www.airbnb.com/luxury/listing/30820327
710,https://www.airbnb.com/luxury/listing/20470728
711,https://www.airbnb.com/luxury/listing/20731596
712,https://www.airbnb.com/luxury/listing/20471256
713,https://www.airbnb.com/luxury/listing/25871144
714,https://www.airbnb.com/luxury/listing/20472269
715,https://www.airbnb.com/luxury/listing/20471902
716,https://www.airbnb.com/luxury/listing/20471507
717,https://www.airbnb.com/luxury/listing/20475406
718,https://www.airbnb.com/luxury/listing/28808615
719,https://www.airbnb.com/luxury/listing/30150680
720,https://www.airbnb.com/luxury/listing/24231203
721,https://www.airbnb.com/luxury/listing/20470178
722,https://www.airbnb.com/luxury/listing/24231426
723,https://www.airbnb.com/luxury/listing/20471445
724,https://www.airbnb.com/luxury/listing/20472188
725,https://www.airbnb.com/luxury/listing/33217420
726,https://www.airbnb.com/luxury/listing/20471020
727,https://www.airbnb.com/luxury/listing/20475512
728,https://www.airbnb.com/luxury/listing/20731385
729,https://www.airbnb.com/luxury/listing/24231975
730,https://www.airbnb.com/luxury/listing/29389165
731,https://www.airbnb.com/luxury/listing/20471152
732,https://www.airbnb.com/luxury/listing/20475559
733,https://www.airbnb.com/luxury/listing/20731240
734,https://www.airbnb.com/luxury/listing/20731642
735,https://www.airbnb.com/luxury/listing/25871023
736,https://www.airbnb.com/luxury/listing/29096072
737,https://www.airbnb.com/luxury/listing/20472862
738,https://www.airbnb.com/luxury/listing/20474749
739,https://www.airbnb.com/luxury/listing/25870842
740,https://www.airbnb.com/luxury/listing/20474973
741,https://www.airbnb.com/luxury/listing/23808992
742,https://www.airbnb.com/luxury/listing/20471438
743,https://www.airbnb.com/luxury/listing/20471655
744,https://www.airbnb.com/luxury/listing/20472429
745,https://www.airbnb.com/luxury/listing/25510594
746,https://www.airbnb.com/luxury/listing/20473375
747,https://www.airbnb.com/luxury/listing/20474755
748,https://www.airbnb.com/luxury/listing/20731595
749,https://www.airbnb.com/luxury/listing/24231086
750,https://www.airbnb.com/luxury/listing/31492926
751,https://www.airbnb.com/luxury/listing/20901872
752,https://www.airbnb.com/luxury/listing/20731557
753,https://www.airbnb.com/luxury/listing/26202232
754,https://www.airbnb.com/luxury/listing/20471388
755,https://www.airbnb.com/luxury/listing/20520746
756,https://www.airbnb.com/luxury/listing/20521068
757,https://www.airbnb.com/luxury/listing/20473328
758,https://www.airbnb.com/luxury/listing/20475973
759,https://www.airbnb.com/luxury/listing/29541300
760,https://www.airbnb.com/luxury/listing/20472254
761,https://www.airbnb.com/luxury/listing/20473111
762,https://www.airbnb.com/luxury/listing/20472425
763,https://www.airbnb.com/luxury/listing/24231954
764,https://www.airbnb.com/luxury/listing/20470658
765,https://www.airbnb.com/luxury/listing/20472240
766,https://www.airbnb.com/luxury/listing/20475168
767,https://www.airbnb.com/luxury/listing/24230994
768,https://www.airbnb.com/luxury/listing/20470283
769,https://www.airbnb.com/luxury/listing/20471063
770,https://www.airbnb.com/luxury/listing/20473448
771,https://www.airbnb.com/luxury/listing/20475433
772,https://www.airbnb.com/luxury/listing/20473234
773,https://www.airbnb.com/luxury/listing/26202582
774,https://www.airbnb.com/luxury/listing/20472517
775,https://www.airbnb.com/luxury/listing/27256134
776,https://www.airbnb.com/luxury/listing/20471865
777,https://www.airbnb.com/luxury/listing/20470583
778,https://www.airbnb.com/luxury/listing/20472818
779,https://www.airbnb.com/luxury/listing/20471373
780,https://www.airbnb.com/luxury/listing/20475528
781,https://www.airbnb.com/luxury/listing/20474950
782,https://www.airbnb.com/luxury/listing/24231831
783,https://www.airbnb.com/luxury/listing/31987781
784,https://www.airbnb.com/luxury/listing/20471344
785,https://www.airbnb.com/luxury/listing/20474729
786,https://www.airbnb.com/luxury/listing/20731101
787,https://www.airbnb.com/luxury/listing/20470896
788,https://www.airbnb.com/luxury/listing/20731709
789,https://www.airbnb.com/luxury/listing/20204354
790,https://www.airbnb.com/luxury/listing/25281819
791,https://www.airbnb.com/luxury/listing/22388142
792,https://www.airbnb.com/luxury/listing/20473022
793,https://www.airbnb.com/luxury/listing/20474661
794,https://www.airbnb.com/luxury/listing/23808567
795,https://www.airbnb.com/luxury/listing/20472126
796,https://www.airbnb.com/luxury/listing/20731634
797,https://www.airbnb.com/luxury/listing/29736339
798,https://www.airbnb.com/luxury/listing/20474724
799,https://www.airbnb.com/luxury/listing/34779561
800,https://www.airbnb.com/luxury/listing/20731096
801,https://www.airbnb.com/luxury/listing/20472182
802,https://www.airbnb.com/luxury/listing/20474917
803,https://www.airbnb.com/luxury/listing/29676550
804,https://www.airbnb.com/luxury/listing/20471910
805,https://www.airbnb.com/luxury/listing/20473082
806,https://www.airbnb.com/luxury/listing/20474541
807,https://www.airbnb.com/luxury/listing/20520874
808,https://www.airbnb.com/luxury/listing/24231760
809,https://www.airbnb.com/luxury/listing/31492924
810,https://www.airbnb.com/luxury/listing/20117965
811,https://www.airbnb.com/luxury/listing/24231986
812,https://www.airbnb.com/luxury/listing/28519627
813,https://www.airbnb.com/luxury/listing/20472302
814,https://www.airbnb.com/luxury/listing/20475374
815,https://www.airbnb.com/luxury/listing/20475685
816,https://www.airbnb.com/luxury/listing/22160843
817,https://www.airbnb.com/luxury/listing/20204253
818,https://www.airbnb.com/luxury/listing/26152872
819,https://www.airbnb.com/luxury/listing/20471150
820,https://www.airbnb.com/luxury/listing/24232052
821,https://www.airbnb.com/luxury/listing/29827327
822,https://www.airbnb.com/luxury/listing/20472991
823,https://www.airbnb.com/luxury/listing/24221415
824,https://www.airbnb.com/luxury/listing/20471760
825,https://www.airbnb.com/luxury/listing/20472098
826,https://www.airbnb.com/luxury/listing/20520730
827,https://www.airbnb.com/luxury/listing/20520815
828,https://www.airbnb.com/luxury/listing/24231068
829,https://www.airbnb.com/luxury/listing/31488532
830,https://www.airbnb.com/luxury/listing/32986782
831,https://www.airbnb.com/luxury/listing/20475636
832,https://www.airbnb.com/luxury/listing/25566199
833,https://www.airbnb.com/luxury/listing/20472052
834,https://www.airbnb.com/luxury/listing/20731821
835,https://www.airbnb.com/luxury/listing/24231686
836,https://www.airbnb.com/luxury/listing/27577777
837,https://www.airbnb.com/luxury/listing/29736341
838,https://www.airbnb.com/luxury/listing/31286280
839,https://www.airbnb.com/luxury/listing/20470708
840,https://www.airbnb.com/luxury/listing/26202543
841,https://www.airbnb.com/luxury/listing/20204389
842,https://www.airbnb.com/luxury/listing/20470983
843,https://www.airbnb.com/luxury/listing/20731087
844,https://www.airbnb.com/luxury/listing/29156733
845,https://www.airbnb.com/luxury/listing/32810673
846,https://www.airbnb.com/luxury/listing/30819821
847,https://www.airbnb.com/luxury/listing/29675224
848,https://www.airbnb.com/luxury/listing/20472719
849,https://www.airbnb.com/luxury/listing/20470483
850,https://www.airbnb.com/luxury/listing/30152464
851,https://www.airbnb.com/luxury/listing/52142061
852,https://www.airbnb.com/luxury/listing/26202343
853,https://www.airbnb.com/luxury/listing/29563718
854,https://www.airbnb.com/luxury/listing/29879245
855,https://www.airbnb.com/luxury/listing/32191312
856,https://www.airbnb.com/luxury/listing/20475540
857,https://www.airbnb.com/luxury/listing/24231612
858,https://www.airbnb.com/luxury/listing/29902067
859,https://www.airbnb.com/luxury/listing/20520822
860,https://www.airbnb.com/luxury/listing/20472990
861,https://www.airbnb.com/luxury/listing/20475622
862,https://www.airbnb.com/luxury/listing/26202598
863,https://www.airbnb.com/luxury/listing/20471239
864,https://www.airbnb.com/luxury/listing/20475873
865,https://www.airbnb.com/luxury/listing/20472213
866,https://www.airbnb.com/luxury/listing/32543617
867,https://www.airbnb.com/luxury/listing/20476110
868,https://www.airbnb.com/luxury/listing/24231503
869,https://www.airbnb.com/luxury/listing/20470532
870,https://www.airbnb.com/luxury/listing/20475229
871,https://www.airbnb.com/luxury/listing/25187871
872,https://www.airbnb.com/luxury/listing/20474800
873,https://www.airbnb.com/luxury/listing/20471028
874,https://www.airbnb.com/luxury/listing/20470702
875,https://www.airbnb.com/luxury/listing/20473065
876,https://www.airbnb.com/luxury/listing/23808950
877,https://www.airbnb.com/luxury/listing/20474824
878,https://www.airbnb.com/luxury/listing/28717499
879,https://www.airbnb.com/luxury/listing/20470651
880,https://www.airbnb.com/luxury/listing/20470565
881,https://www.airbnb.com/luxury/listing/20472638
882,https://www.airbnb.com/luxury/listing/20474570
883,https://www.airbnb.com/luxury/listing/20731196
884,https://www.airbnb.com/luxury/listing/24231714
885,https://www.airbnb.com/luxury/listing/20474955
886,https://www.airbnb.com/luxury/listing/20472649
887,https://www.airbnb.com/luxury/listing/27028461
888,https://www.airbnb.com/luxury/listing/20472113
889,https://www.airbnb.com/luxury/listing/20472432
890,https://www.airbnb.com/luxury/listing/20472747
891,https://www.airbnb.com/luxury/listing/20471362
892,https://www.airbnb.com/luxury/listing/20475420
893,https://www.airbnb.com/luxury/listing/20470497
894,https://www.airbnb.com/luxury/listing/20472373
895,https://www.airbnb.com/luxury/listing/20473302
896,https://www.airbnb.com/luxury/listing/27629013
897,https://www.airbnb.com/luxury/listing/20471785
898,https://www.airbnb.com/luxury/listing/20471993
899,https://www.airbnb.com/luxury/listing/20475164
900,https://www.airbnb.com/luxury/listing/31311421
901,https://www.airbnb.com/luxury/listing/25575233
902,https://www.airbnb.com/luxury/listing/20475258
903,https://www.airbnb.com/luxury/listing/20471585
904,https://www.airbnb.com/luxury/listing/20472459
905,https://www.airbnb.com/luxury/listing/20471214
906,https://www.airbnb.com/luxury/listing/24231777
907,https://www.airbnb.com/luxury/listing/20475548
908,https://www.airbnb.com/luxury/listing/22206932
909,https://www.airbnb.com/luxury/listing/625269165952380198
910,https://www.airbnb.com/luxury/listing/20473498
911,https://www.airbnb.com/luxury/listing/20731260
912,https://www.airbnb.com/luxury/listing/20472523
913,https://www.airbnb.com/luxury/listing/24332460
914,https://www.airbnb.com/luxury/listing/20472274
915,https://www.airbnb.com/luxury/listing/24392666
916,https://www.airbnb.com/luxury/listing/20731703
917,https://www.airbnb.com/luxury/listing/20474728
918,https://www.airbnb.com/luxury/listing/20475609
919,https://www.airbnb.com/luxury/listing/20731654
920,https://www.airbnb.com/luxury/listing/23808594
921,https://www.airbnb.com/luxury/listing/24014866
922,https://www.airbnb.com/luxury/listing/35937190
923,https://www.airbnb.com/luxury/listing/20470217
924,https://www.airbnb.com/luxury/listing/20471853
925,https://www.airbnb.com/luxury/listing/20475538
926,https://www.airbnb.com/luxury/listing/31286288
927,https://www.airbnb.com/luxury/listing/20470267
928,https://www.airbnb.com/luxury/listing/20470584
929,https://www.airbnb.com/luxury/listing/20475668
930,https://www.airbnb.com/luxury/listing/20473152
931,https://www.airbnb.com/luxury/listing/20472060
932,https://www.airbnb.com/luxury/listing/20472321
933,https://www.airbnb.com/luxury/listing/20475148
934,https://www.airbnb.com/luxury/listing/20472511
935,https://www.airbnb.com/luxury/listing/20475498
936,https://www.airbnb.com/luxury/listing/20475590
937,https://www.airbnb.com/luxury/listing/20471358
938,https://www.airbnb.com/luxury/listing/20474850
939,https://www.airbnb.com/luxury/listing/37977594
940,https://www.airbnb.com/luxury/listing/20520985
941,https://www.airbnb.com/luxury/listing/32036336
942,https://www.airbnb.com/luxury/listing/26012176
943,https://www.airbnb.com/luxury/listing/20471955
944,https://www.airbnb.com/luxury/listing/32302700
945,https://www.airbnb.com/luxury/listing/20472239
946,https://www.airbnb.com/luxury/listing/27595601
947,https://www.airbnb.com/luxury/listing/20520980
948,https://www.airbnb.com/luxury/listing/20470265
949,https://www.airbnb.com/luxury/listing/24231805
950,https://www.airbnb.com/luxury/listing/20474572
951,https://www.airbnb.com/luxury/listing/20474855
952,https://www.airbnb.com/luxury/listing/20731148
953,https://www.airbnb.com/luxury/listing/20471858
954,https://www.airbnb.com/luxury/listing/20731220
955,https://www.airbnb.com/luxury/listing/20472718
956,https://www.airbnb.com/luxury/listing/20475499
957,https://www.airbnb.com/luxury/listing/26124817
958,https://www.airbnb.com/luxury/listing/20731683
959,https://www.airbnb.com/luxury/listing/20475436
960,https://www.airbnb.com/luxury/listing/20731264
961,https://www.airbnb.com/luxury/listing/24230925
962,https://www.airbnb.com/luxury/listing/24232022
963,https://www.airbnb.com/luxury/listing/30813562
964,https://www.airbnb.com/luxury/listing/25871148
965,https://www.airbnb.com/luxury/listing/30369730
966,https://www.airbnb.com/luxury/listing/20472064
967,https://www.airbnb.com/luxury/listing/20473374
968,https://www.airbnb.com/luxury/listing/23808540
969,https://www.airbnb.com/luxury/listing/24352459
970,https://www.airbnb.com/luxury/listing/24371777
971,https://www.airbnb.com/luxury/listing/20203914
972,https://www.airbnb.com/luxury/listing/20901998
973,https://www.airbnb.com/luxury/listing/20472428
974,https://www.airbnb.com/luxury/listing/20473386
975,https://www.airbnb.com/luxury/listing/29538463
976,https://www.airbnb.com/luxury/listing/20471036
977,https://www.airbnb.com/luxury/listing/20474930
978,https://www.airbnb.com/luxury/listing/20731384
979,https://www.airbnb.com/luxury/listing/29681118
980,https://www.airbnb.com/luxury/listing/51690203
981,https://www.airbnb.com/luxury/listing/32546718
982,https://www.airbnb.com/luxury/listing/20470501
983,https://www.airbnb.com/luxury/listing/20472915
984,https://www.airbnb.com/luxury/listing/40200875
985,https://www.airbnb.com/luxury/listing/32810671
986,https://www.airbnb.com/luxury/listing/20204269
987,https://www.airbnb.com/luxury/listing/20473225
988,https://www.airbnb.com/luxury/listing/24231486
989,https://www.airbnb.com/luxury/listing/20731712
990,https://www.airbnb.com/luxury/listing/20471639
991,https://www.airbnb.com/luxury/listing/24231644
992,https://www.airbnb.com/luxury/listing/30039531
993,https://www.airbnb.com/luxury/listing/30532749
994,https://www.airbnb.com/luxury/listing/24231300
995,https://www.airbnb.com/luxury/listing/20472065
996,https://www.airbnb.com/luxury/listing/20204345
997,https://www.airbnb.com/luxury/listing/20470510
998,https://www.airbnb.com/luxury/listing/20471563
999,https://www.airbnb.com/luxury/listing/20473318
1000,https://www.airbnb.com/luxury/listing/20731223
1001,https://www.airbnb.com/luxury/listing/20472102
1002,https://www.airbnb.com/luxury/listing/20901997
1003,https://www.airbnb.com/luxury/listing/20472336
1004,https://www.airbnb.com/luxury/listing/27489524
1005,https://www.airbnb.com/luxury/listing/24231639
1006,https://www.airbnb.com/luxury/listing/30417501
1007,https://www.airbnb.com/luxury/listing/32913692
1008,https://www.airbnb.com/luxury/listing/573198245674501249
1009,https://www.airbnb.com/luxury/listing/20475129
1010,https://www.airbnb.com/luxury/listing/20475266
1011,https://www.airbnb.com/luxury/listing/20470308
1012,https://www.airbnb.com/luxury/listing/20472258
1013,https://www.airbnb.com/luxury/listing/20475215
1014,https://www.airbnb.com/luxury/listing/20731091
1015,https://www.airbnb.com/luxury/listing/29029736
1016,https://www.airbnb.com/luxury/listing/51421477
1017,https://www.airbnb.com/luxury/listing/24231713
1018,https://www.airbnb.com/luxury/listing/24231771
1019,https://www.airbnb.com/luxury/listing/20472163
1020,https://www.airbnb.com/luxury/listing/20731198
1021,https://www.airbnb.com/luxury/listing/20471163
1022,https://www.airbnb.com/luxury/listing/20731540
1023,https://www.airbnb.com/luxury/listing/20471540
1024,https://www.airbnb.com/luxury/listing/20473213
1025,https://www.airbnb.com/luxury/listing/24349246
1026,https://www.airbnb.com/luxury/listing/20472361
1027,https://www.airbnb.com/luxury/listing/20475107
1028,https://www.airbnb.com/luxury/listing/20475572
1029,https://www.airbnb.com/luxury/listing/20472516
1030,https://www.airbnb.com/luxury/listing/20473336
1031,https://www.airbnb.com/luxury/listing/24232157
1032,https://www.airbnb.com/luxury/listing/26202351
1033,https://www.airbnb.com/luxury/listing/24231009
1034,https://www.airbnb.com/luxury/listing/20470436
1035,https://www.airbnb.com/luxury/listing/20470704
1036,https://www.airbnb.com/luxury/listing/20472242
1037,https://www.airbnb.com/luxury/listing/30309921
1038,https://www.airbnb.com/luxury/listing/30983842
1039,https://www.airbnb.com/luxury/listing/20470222
1040,https://www.airbnb.com/luxury/listing/20470585
1041,https://www.airbnb.com/luxury/listing/20472316
1042,https://www.airbnb.com/luxury/listing/20473143
1043,https://www.airbnb.com/luxury/listing/42373217
1044,https://www.airbnb.com/luxury/listing/30588284
1045,https://www.airbnb.com/luxury/listing/51770646
